uid,nama,deskripsi,rating_avg,rating_total,price_level,price_label,status,status_label,kategori,address,area_type,kecamatan,kodepos,latitude,longitude,shortLink,createTime
bd0a137e-ef9d-455d-b8a9-00f50e602667,"Keikpop by The Food Chain, Grand Wisata",,4.3,0.0,3,Mahal,1,Aktif,"Sweets, Roti","Celebration Boulevard, Grand Wisata Residence, Dukuh Bima, Lambangsari, Kabupaten Bekasi, Jawa Barat, Jawa, 17510, Indonesia",Kabupaten Bekasi,Lambangsari,17510,-6.281504539188249,107.04649365936152,https://gofood.link/a/ADsnrEu,2021-04-16T16:19:24.493Z
4b8f46fd-e264-4e43-b058-574b9d1074ab,"Esteh Indonesia, Jababeka Cikarang",,4.8,0.0,2,Menengah,1,Aktif,Minuman,"Jalan Kedasih Raya, Jababeka, Pasirsari, Kabupaten Bekasi, Jawa Barat, Jawa, 17530, Indonesia",Kabupaten Bekasi,Pasirsari,17530,-6.300166,107.16198,https://gofood.link/a/AQtsoom,2021-05-07T14:33:35.790Z
0eff03d4-ae15-4ff3-a405-0a35be620d09,"Kopi Janji Jiwa & Jiwa Toast, Vasanta Innopark",,4.8,0.0,2,Menengah,1,Aktif,"Kopi, Minuman, Roti, Jajanan","Jalan Kalimantan, MM2100 Industrial Town, Gandamekar, Kabupaten Bekasi, Jawa Barat, Jawa, 17520, Indonesia",Kabupaten Bekasi,Gandamekar,17520,-6.290855,107.085797,https://gofood.link/a/AutW5no,2021-03-30T15:19:42.643Z
73fe9e2e-8438-441f-b3b0-6cff1769fccc,"HokBen, Ruko Tambun City",,4.7,0.0,3,Mahal,1,Aktif,"Cepat saji, Jepang, Jajanan","Ruko Tambun City, Jalan Hasanuddin, Kompas, Tambun, Kabupaten Bekasi, Jawa Barat, Jawa, 17520, Indonesia",Kabupaten Bekasi,Tambun,17520,-6.264525,107.071307,https://gofood.link/a/B41uXP3,2021-05-31T09:55:14.680Z
c7290d51-aada-4cbb-beda-8506b4a64e60,"JCO, Plaza Metropolitan Tambun",,4.6,0.0,3,Mahal,1,Aktif,Sweets,"KFC, Jalan Hasanuddin, Kompas, Tambun, Kabupaten Bekasi, Jawa Barat, Jawa, 17520, Indonesia",Kabupaten Bekasi,Tambun,17520,-6.265504170999367,107.07285145034564,https://gofood.link/a/BU4zdqq,2021-09-01T13:46:19.882Z
c64b7b82-9e66-4be4-a8b0-c439f52ff4c3,"HokBen Kitchen, Cifest",,4.7,0.0,3,Mahal,1,Aktif,Jepang,"Jalan Cifest Raya, Ciantra, Kabupaten Bekasi, Jawa Barat, Jawa, 17550, Indonesia",Kabupaten Bekasi,Ciantra,17550,-6.342339,107.118802,https://gofood.link/a/BakDMkw,2021-06-12T10:27:13.395Z
3a6ca341-46a2-4689-9189-7dc83dc6738c,"HokBen Kitchen, Marakash",,4.7,0.0,3,Mahal,1,Aktif,Jepang,"Jalan Kavling Taman Wisala, Grand Pondok Ungu, Kabupaten Bekasi, Jawa Barat, Jawa, 17125, Indonesia",Kabupaten Bekasi,Grand Pondok Ungu,17125,-6.182919,107.012266,https://gofood.link/a/BakR53Y,2021-06-12T10:36:23.963Z
843b55a0-1d47-4872-a494-aef3acfece88,"Sushi Yay, Grand Wisata",,4.8,0.0,3,Mahal,1,Aktif,"Aneka nasi, Jepang, Cepat saji, Ayam & bebek","Rimendi Photography Studio, BA1/28, Celebration Boulevard, Grand Wisata Residence, Dukuh Bima, Lambangsari, Kabupaten Bekasi, Jawa Barat, Jawa, 17510, Indonesia",Kabupaten Bekasi,Lambangsari,17510,-6.289749,107.044008,https://gofood.link/a/C2WWB4E,2021-09-16T13:12:12.868Z
b23d4d21-e02d-4c81-b2f0-ab6603f032b3,Ayam Penyet Tulang Lunak Abah Anom,,4.7,0.0,2,Menengah,1,Aktif,"Ayam & bebek, Aneka nasi, Seafood","Setiamekar, Kabupaten Bekasi, Jawa Barat, Jawa, 17111, Indonesia",Kabupaten Bekasi,,17111,-6.240971362346426,107.04899355769156,https://gofood.link/a/CMa6ysy,2021-12-07T14:42:34.422Z
807f00e7-36f7-44a8-a581-a19609183c55,"Sushi Yay, Karang Satria Bekasi",,4.7,0.0,3,Mahal,1,Aktif,"Jepang, Cepat saji, Aneka nasi, Ayam & bebek","Jalan Karang Satria Raya, Karangsatria, Kabupaten Bekasi, Jawa Barat, Jawa, 17123, Indonesia",Kabupaten Bekasi,Karangsatria,17123,-6.223684,107.039056,https://gofood.link/a/CVCFF1G,2021-12-23T17:01:58.326Z
b34a2eab-0520-4571-98c0-f131dd14888d,"Kopi Janji Jiwa & Jiwa Toast, Ruko Karang Satria",,4.7,0.0,2,Menengah,1,Aktif,"Roti, Jajanan, Kopi, Minuman","Jalan Karang Satria, Karangsatria, Kabupaten Bekasi, Jawa Barat, Jawa, 17123, Indonesia",Kabupaten Bekasi,Karangsatria,17123,-6.215398907385792,107.03330244567309,https://gofood.link/a/D3okwMJ,2022-01-05T12:49:12.442Z
44e9e98b-e2ba-4ed4-b977-a268a976cc73,"Sushi Yay, Pondok Ungu",,4.7,0.0,3,Mahal,1,Aktif,"Cepat saji, Jepang, Aneka nasi, Ayam & bebek","Jalan Pondok Ungu Permai, Pondok Ungu Permai, Kabupaten Bekasi, Jawa Barat, Jawa, 17125, Indonesia",Kabupaten Bekasi,Pondok Ungu Permai,17125,-6.182207,107.008179,https://gofood.link/a/DJsMbU1,2022-03-22T15:31:28.051Z
4a2e899c-be8d-442a-b64a-7f5b15706506,"Kopi Kenangan, Ruko Cikarang Festival",,4.8,0.0,2,Menengah,1,Aktif,"Kopi, Minuman, Jajanan, Sweets","Ciantra, Kabupaten Bekasi, Jawa Barat, Jawa, 17550, Indonesia",Kabupaten Bekasi,,17550,-6.3425245,107.1189348,https://gofood.link/a/DqYF2Tb,2022-02-17T10:34:16.144Z
6477c13d-a719-409b-b835-449ddc5523be,"Sushi Yay, Mangun Jaya",,4.6,0.0,3,Mahal,1,Aktif,"Aneka nasi, Jepang, Cepat saji, Ayam & bebek","Jalan K. Haji Masud, Kompas, Tambun, Kabupaten Bekasi, Jawa Barat, Jawa, 17520, Indonesia",Kabupaten Bekasi,Tambun,17520,-6.25894,107.072097,https://gofood.link/a/E1WPpjy,2022-04-22T22:50:38.681Z
39d24e0d-1159-4537-9059-7ec07f82477a,"Toko Kopi Tuku, Harapan Indah",,4.8,0.0,2,Menengah,1,Aktif,"Minuman, Kopi","41, Jalan Taman Cemara, Kota Harapan Indah, Kabupaten Bekasi, Jawa Barat, Jawa, 17214, Indonesia",Kabupaten Bekasi,Kota Harapan Indah,17214,-6.170378,106.975789,https://gofood.link/a/ECECVoq,2022-06-29T19:01:12.321Z
e71e1e3b-3b21-4ee1-8df5-84b150970c3a,"Richeese Factory, Cikarang",,4.7,0.0,3,Mahal,1,Aktif,"Ayam & bebek, Aneka nasi, Cepat saji","Cikarang, Kabupaten Bekasi, Jawa Barat, Jawa, 17383, Indonesia",Kabupaten Bekasi,,17383,-6.262421,107.141236,https://gofood.link/a/EssSs2J,2022-06-10T09:58:10.812Z
81c38e5a-5bd4-40c7-bf1b-3838dc86aa31,"Pizza Hut Delivery - PHD, Pondok Ungu Bekasi",,4.7,0.0,4,Premium,1,Aktif,"Pizza & pasta, Cepat saji, Jajanan, Barat, Ayam & bebek","Jalan Pondok Ungu Permai, Pondok Ungu Permai, Kabupaten Bekasi, Jawa Barat, Jawa, 17125, Indonesia",Kabupaten Bekasi,Pondok Ungu Permai,17125,-6.179987,107.009746,https://gofood.link/a/EstfutS,2022-06-10T10:16:05.991Z
5ad03186-d557-4902-8bcc-38b15293c0c0,"Mie Gacoan, Cikarang",,4.7,0.0,1,Murah,1,Aktif,"Bakmie, Cepat saji","Jalan Bekasi Raya, Lippo Cikarang, Sukaresmi, Kabupaten Bekasi, Jawa Barat, Jawa, 17550, Indonesia",Kabupaten Bekasi,Sukaresmi,17550,-6.329692217164652,107.1303879220886,https://gofood.link/a/EzrbSPf,2022-06-23T15:42:35.745Z
de2e5201-ad5e-4fa1-96a4-bd9ae26b854b,"Richeese Factory, Lippo Cikarang",,4.7,0.0,3,Mahal,1,Aktif,"Cepat saji, Ayam & bebek, Aneka nasi","Jalan Mohammad Husni Thamrin, Lippo Cikarang, Sukaresmi, Kabupaten Bekasi, Jawa Barat, Jawa, 17550, Indonesia",Kabupaten Bekasi,Sukaresmi,17550,-6.32704,107.12693,https://gofood.link/a/FDXwAD7,2022-10-20T09:32:01.317Z
1212f057-a4d4-4510-9722-4a1359600242,"Mixue SGC, Cikarang Kota",,4.7,0.0,2,Menengah,1,Aktif,"Minuman, Jajanan, Sweets","Naga, Jalan R.E. Martadinata, Cikarang, Kabupaten Bekasi, Jawa Barat, Jawa, 17383, Indonesia",Kabupaten Bekasi,Cikarang,17383,-6.258985328567938,107.1476301178336,https://gofood.link/a/FTeAcej,2022-11-14T14:42:02.238Z
f0042c79-ca3b-4ef7-a6c0-8b21d1a3eb34,"McDonald's, Mutiara Gading City",,4.7,0.0,0,Tidak diketahui,1,Aktif,"Cepat saji, Ayam & bebek, Sweets, Jajanan","Jalan Prapatan Kampung, Mutiara Gading City, Kabupaten Bekasi, Jawa Barat, Jawa, 17215, Indonesia",Kabupaten Bekasi,Mutiara Gading City,17215,-6.159801,107.009104,https://gofood.link/a/GYZ6aGL,2023-03-15T16:26:46.947Z
4013d7ca-522b-4253-bfb0-db0021bf7840,"Solaria, Naga Swalayan Tambun",,4.7,0.0,3,Mahal,1,Aktif,"Aneka nasi, Bakmie, Ayam & bebek, Chinese","Naga Swalayan, Jalan Diponegoro, Toyogiri, Setiadarma, Kabupaten Bekasi, Jawa Barat, Jawa, 17510, Indonesia",Kabupaten Bekasi,Setiadarma,17510,-6.25802,107.05035,https://gofood.link/a/Ga2HYQU,2022-12-14T14:39:39.578Z
075610cb-3bb9-4999-8f6a-f55a698f11bc,"Richeese Factory, Metropolitan Tambun",,4.7,0.0,3,Mahal,1,Aktif,"Ayam & bebek, Cepat saji, Aneka nasi","Jalan Berlian Timuf, Kompas, Tambun, Kabupaten Bekasi, Jawa Barat, Jawa, 17520, Indonesia",Kabupaten Bekasi,Tambun,17520,-6.265684,107.07307,https://gofood.link/a/Gx4QAp7,2023-01-25T11:05:22.672Z
a95fd2de-3199-4a49-b423-55f325af963d,"Nasi Padang RM Minang Jaya (Tugu, Setiadarma 1)",,4.8,0.0,1,Murah,1,Aktif,"Aneka nasi, Ayam & bebek, Jajanan","Lapangan Kobra, Setiadarma, Kabupaten Bekasi, Jawa Barat, Jawa, 17510, Indonesia",Kabupaten Bekasi,Setiadarma,17510,-6.2661577,107.0538547,https://gofood.link/a/xNBt1DW,2020-06-07T14:43:01.569Z
3a595948-602d-4f1d-a689-73c91e60e6c5,"AYAM GEPREK GOLD CHICK, TAMBUN",,4.7,0.0,2,Menengah,1,Aktif,"Ayam & bebek, Aneka nasi, Cepat saji","Jalan Mangunjaya, Kompas, Setiadarma, Kabupaten Bekasi, Jawa Barat, Jawa, 17510, Indonesia",Kabupaten Bekasi,Setiadarma,17510,-6.251954,107.058948,https://gofood.link/a/yBGbLVW,2020-09-05T00:42:06.959Z
288ed5ea-afc9-4588-af82-0c0e7f05aab8,"Kopi Dari Hati&Toast, Mutiara Gading 2",,4.9,0.0,2,Menengah,1,Aktif,"Kopi, Roti, Minuman","Karangsatria, Kabupaten Bekasi, Jawa Barat, Jawa, 17123, Indonesia",Kabupaten Bekasi,,17123,-6.216747350817123,107.03492738306522,https://gofood.link/a/yEDKTHE,2020-09-10T15:32:02.815Z
02f4ed23-a497-4a34-a4c3-e4e56929cacb,"McDonald's, Karang Satria",,4.7,0.0,3,Mahal,1,Aktif,"Cepat saji, Sweets, Jajanan","Karangsatria, Kabupaten Bekasi, Jawa Barat, Jawa, 17123, Indonesia",Kabupaten Bekasi,,17123,-6.214181,107.035325,https://gofood.link/a/yM8XrBj,2017-07-05T05:05:05.902Z
0449a6dc-6e23-40cc-846b-aa35025e7658,"RajaCau23, Tambun Utara",,0.0,0.0,1,Murah,1,Aktif,Jajanan,"Satriamekar, Kabupaten Bekasi, Jawa Barat, Jawa, 17567, Indonesia",Kabupaten Bekasi,,17567,-6.206791,107.06356,https://gofood.link/a/yM8YLQY,2019-11-06T13:18:59.280Z
03eda3b6-9126-4e7f-9f9c-15ac468cdcd6,"KFC, Alamanda Karang Satria",,4.7,0.0,3,Mahal,1,Aktif,Cepat saji,"Jalan Karang Satria Raya, Karangsatria, Kabupaten Bekasi, Jawa Barat, Jawa, 17123, Indonesia",Kabupaten Bekasi,Karangsatria,17123,-6.2240679,107.0414081,https://gofood.link/a/yM8YqbC,2019-01-11T03:12:56.482Z
7946d59b-fd6d-47ba-be35-03b07655619b,"RM Bude Zenkhori, Kantor Desa Lambang Sari",,4.8,0.0,2,Menengah,1,Aktif,"Ayam & bebek, Aneka nasi","Jalan Mustikajaya, Dukuh Bima, Lambangsari, Kabupaten Bekasi, Jawa Barat, Jawa, 17158, Indonesia",Kabupaten Bekasi,Lambangsari,17158,-6.280934,107.03841,https://gofood.link/a/yM93xhy,2018-01-19T07:41:04.236Z
7aba860d-43a6-4703-89fe-6acf6bf78d45,"Bandeng Rorod Kuliner Khas Bekasi, Bekasi Timur",,3.9,0.0,2,Menengah,1,Aktif,,"Mie Ayam Bangka, Jalan Bumi Sani Permai, Setiamekar, Kabupaten Bekasi, Jawa Barat, Jawa, 17111, Indonesia",Kabupaten Bekasi,Setiamekar,17111,-6.242743,107.038349,https://gofood.link/a/yM94YG1,2018-01-18T02:39:57.306Z
7b8627ad-6a1c-487b-b818-12cc541cf3b8,"Segara Biru Frozen Food, Tambun Selatan",,3.3,0.0,1,Murah,1,Aktif,Minuman,"Mangunjaya, Kabupaten Bekasi, Jawa Barat, Jawa, 17567, Indonesia",Kabupaten Bekasi,,17567,-6.2233714,107.069374,https://gofood.link/a/yM95Lkj,2018-09-26T08:19:33.481Z
7b4f25ef-5657-4987-89f5-e42214007617,"One More Glass Coffee, Medan Satria",,4.4,0.0,3,Mahal,1,Aktif,Kopi,"Kota Harapan Indah, Kabupaten Bekasi, Jawa Barat, Jawa, 17214, Indonesia",Kabupaten Bekasi,,17214,-6.174759,106.9757491,https://gofood.link/a/yM95ys9,2017-11-28T08:23:44.066Z
7f705ce4-bc6d-4f06-83ba-c0658623402e,"Domino's Pizza, Karang Satria",,4.6,0.0,3,Mahal,1,Aktif,"Pizza & pasta, Cepat saji, Jajanan","Jalan Karang Satria, Karangsatria, Kabupaten Bekasi, Jawa Barat, Jawa, 17123, Indonesia",Kabupaten Bekasi,Karangsatria,17123,-6.215465,107.033303,https://gofood.link/a/yM99LzN,2017-03-10T06:53:55.641Z
8f9cc49f-b1ae-4e1c-9f34-3b9c72b25464,"Ayam Penyet Kembar, Bekasi Utara",Hari Libur Nasional Tutup,4.6,0.0,1,Murah,1,Aktif,"Ayam & bebek, Aneka nasi, Minuman","Karangsatria, Kabupaten Bekasi, Jawa Barat, Jawa, 17150, Indonesia",Kabupaten Bekasi,,17150,-6.211476,107.039513,https://gofood.link/a/yM9JmCh,2017-06-14T02:09:42.741Z
95cb886d-be80-4261-a8a4-9f68f756c901,"Ayam Geprek Fajar, Perumahan Bumi Sentosa Asri",,4.1,0.0,2,Menengah,1,Aktif,"Cepat saji, Aneka nasi, Ayam & bebek","Jalenjaya, Kabupaten Bekasi, Jawa Barat, Jawa, 17567, Indonesia",Kabupaten Bekasi,,17567,-6.215302,107.069865,https://gofood.link/a/yM9QA3d,2018-05-03T05:18:03.892Z
95662d74-6ecb-49a4-89a0-b2f209dad245,"Nasi Kebuli Karibulen, Cibitung",,4.5,0.0,2,Menengah,1,Aktif,Aneka nasi,"Jalan Frambosia 7, Trias, Tridayasakti, Kabupaten Bekasi, Jawa Barat, Jawa, 17520, Indonesia",Kabupaten Bekasi,Tridayasakti,17520,-6.250245,107.083347,https://gofood.link/a/yM9QbK3,2018-05-05T07:08:46.359Z
957c8461-4d2d-4739-ad0b-70aa88933807,"Kedai Mpok Mona, Bebelan",,4.6,0.0,2,Menengah,1,Aktif,"Jajanan, Ayam & bebek, Minuman","Kabupaten Bekasi, Jawa Barat, Jawa, 17610, Indonesia",Kabupaten Bekasi,,17610,-6.187669,107.0369662,https://gofood.link/a/yM9QhfY,2019-11-13T13:56:07.207Z
98eee974-d66d-41f9-81cb-e30a60be33ae,"SATE SOLO SOPO NYONO, GMM",,4.3,0.0,2,Menengah,1,Aktif,"Aneka nasi, Sate, Bakso & soto","Cijengkol, Kabupaten Bekasi, Jawa Barat, Jawa, 17320, Indonesia",Kabupaten Bekasi,,17320,-6.3242363,107.0467388,https://gofood.link/a/yM9TGN5,2018-03-04T02:47:40.051Z
9a90ccc2-eb06-4e51-ab3f-e28c50b762f7,"Gajah Thai Tea, Tambun",,4.2,0.0,1,Murah,1,Aktif,"Minuman, Sweets, Thailand","Jalan Komplek Graha Permai, Mangunjaya, Kabupaten Bekasi, Jawa Barat, Jawa, 17567, Indonesia",Kabupaten Bekasi,Mangunjaya,17567,-6.2248409,107.0604308,https://gofood.link/a/yM9VjVw,2018-05-17T06:10:56.406Z
9c0dbe3b-059e-4f2d-8144-0e8db4599c74,"McDonald's, Grand Wisata Bekasi",,4.8,0.0,3,Mahal,1,Aktif,"Cepat saji, Sweets, Jajanan","McDonnald's, Sunset Avenue, Grand Wisata Residence, Dukuh Bima, Lambangsari, Kabupaten Bekasi, Jawa Barat, Jawa, 17510, Indonesia",Kabupaten Bekasi,Lambangsari,17510,-6.275164,107.045181,https://gofood.link/a/yM9WNis,2017-07-05T04:49:47.108Z
9bc23998-59d7-464c-a92f-54e5002ebb36,"Dafishato Ramen 1, Metland Tambun",,4.5,0.0,2,Menengah,1,Aktif,Jepang,"Kompas, Tambun, Kabupaten Bekasi, Jawa Barat, Jawa, 17510, Indonesia",Kabupaten Bekasi,Tambun,17510,-6.268233,107.067109,https://gofood.link/a/yM9Wvk7,2018-01-23T04:16:52.661Z
9da56573-a7ec-453b-8102-14a2ddb37b56,"Pempek Palembang Dawan, Street Babelan City",,4.6,0.0,3,Mahal,1,Aktif,"Jajanan, Minuman, Cepat saji","Babelan Kota, Kabupaten Bekasi, Jawa Barat, Jawa, 17611, Indonesia",Kabupaten Bekasi,,17611,-6.170354991730292,107.03540179878472,https://gofood.link/a/yM9YnEL,2019-12-31T09:49:34.295Z
80c07db9-45b0-4516-9073-b8576da2a479,"Pizza Hut Delivery - PHD, Pengasinan Bekasi",,4.6,0.0,4,Premium,1,Aktif,"Pizza & pasta, Cepat saji, Jajanan, Barat, Ayam & bebek","Jalan Jatimulya, Graha Mutiara, Pondok Hijau, Kabupaten Bekasi, Jawa Barat, Jawa, 17115, Indonesia",Kabupaten Bekasi,Pondok Hijau,17115,-6.269317,107.016782,https://gofood.link/a/yM9b7fd,2017-05-30T05:37:42.370Z
8272566a-76e3-4263-974a-6ee16c5a24ea,"Gudang Coklat & Snack, Tambun Selatan",,4.4,0.0,2,Menengah,1,Aktif,Jajanan,"Jalan Villa Bekasi Indah 1, Mangunjaya, Kabupaten Bekasi, Jawa Barat, Jawa, 17567, Indonesia",Kabupaten Bekasi,Mangunjaya,17567,-6.229134132803595,107.06420235335828,https://gofood.link/a/yM9cNZb,2017-11-20T03:20:50.775Z
83c1ba73-05a0-4014-8717-bcc0372ce75f,"Pizza Hut, Grand Wisata Bekasi",,4.7,0.0,4,Premium,1,Aktif,"Pizza & pasta, Cepat saji, Barat, Jajanan, Ayam & bebek","Grand Wisata Residence, Dukuh Bima, Lambangsari, Kabupaten Bekasi, Jawa Barat, Jawa, 17510, Indonesia",Kabupaten Bekasi,Lambangsari,17510,-6.277937,107.046883,https://gofood.link/a/yM9e7TN,2018-03-27T07:23:10.913Z
84210ec9-57e1-4ee9-8987-2e408f6de5cf,"Seblak Bandung Adit, Perum Papan Mas",,3.9,0.0,2,Menengah,1,Aktif,"Bakmie, Cepat saji, Jajanan","Setiamekar, Kabupaten Bekasi, Jawa Barat, Jawa, 17111, Indonesia",Kabupaten Bekasi,,17111,-6.24385,107.052954,https://gofood.link/a/yM9ev6b,2018-03-16T07:25:52.654Z
85416360-2321-4258-9698-1f1773a86614,"Warung Budhe Eko, Trias Raya",,4.6,0.0,2,Menengah,1,Aktif,Bakso & soto,"Jalan Trias Raya, Trias, Tridayasakti, Kabupaten Bekasi, Jawa Barat, Jawa, 17520, Indonesia",Kabupaten Bekasi,Tridayasakti,17520,-6.247344,107.081138,https://gofood.link/a/yM9fEyu,2018-03-08T06:15:55.186Z
85fad309-6896-4673-b59f-a45b2dab1427,"Thai Island Tea, Tambun Selatan",,5.0,0.0,2,Menengah,1,Aktif,"Jajanan, Minuman, Roti","Jalan Kaswari II, Setiadarma, Kabupaten Bekasi, Jawa Barat, Jawa, 17510, Indonesia",Kabupaten Bekasi,Setiadarma,17510,-6.2540075,107.0527716,https://gofood.link/a/yM9gqcj,2018-07-31T09:35:52.474Z
869899e0-6384-44e2-8f6d-3f77f7213ee3,"Siomay Bang Aceng, Tambun Selatan",,4.6,0.0,2,Menengah,1,Aktif,Jajanan,"Tip Top Supermarket Mustika Jaya, Jalan Mustikajaya, Dukuh Bima, Lambangsari, Kabupaten Bekasi, Jawa Barat, Jawa, 17158, Indonesia",Kabupaten Bekasi,Lambangsari,17158,-6.28058,107.039508,https://gofood.link/a/yM9h1s5,2018-01-30T03:17:42.367Z
86dbfbd1-858f-478f-bff9-fc0016711ef1,Warung Sopel & Mie Gledek,,0.0,0.0,0,Tidak diketahui,1,Aktif,Jajanan,"Jalan K. Haji Masud, Kompas, Tambun, Kabupaten Bekasi, Jawa Barat, Jawa, 17520, Indonesia",Kabupaten Bekasi,Tambun,17520,-6.2586924,107.0724427,https://gofood.link/a/yM9hfXb,2019-11-12T16:53:39.384Z
07b264d0-a05d-47ef-8e34-80f2e7c0f5d4,"Haus!, Cibitung",,4.7,0.0,2,Menengah,1,Aktif,"Minuman, Jajanan, Kopi","Jalan Raya B. Bosih, Trias, Wanasari, Kabupaten Bekasi, Jawa Barat, Jawa, 17520, Indonesia",Kabupaten Bekasi,Wanasari,17520,-6.251786,107.087356,https://gofood.link/a/yM9vYn7,2019-08-27T10:56:09.641Z
07fd6e20-acb6-4a20-a092-ba764cadeae6,"Yokobento, Ruko Taman Wisata",,4.6,0.0,2,Menengah,1,Aktif,"Jepang, Ayam & bebek, Cepat saji","Jalan Kavling Taman Wisala, Grand Pondok Ungu, Kabupaten Bekasi, Jawa Barat, Jawa, 17125, Indonesia",Kabupaten Bekasi,Grand Pondok Ungu,17125,-6.182719,107.012245,https://gofood.link/a/yM9whrN,2017-12-27T10:35:53.400Z
09e798e0-2dea-4d37-992a-e0e318dec830,"Bubur Ayam Kampung Nyemplung, Mustikajaya",,4.7,0.0,1,Murah,1,Aktif,Aneka nasi,"West Gateway Boulevard, Grand Wisata Residence, Dukuh Bima, Lambangsari, Kabupaten Bekasi, Jawa Barat, Jawa, 17510, Indonesia",Kabupaten Bekasi,Lambangsari,17510,-6.276559,107.043759,https://gofood.link/a/yM9ydk3,2018-11-21T10:59:40.588Z
9fd4c201-4df2-4a67-9cb4-173f134005d9,"I Am Geprek Bensu, Harapan Indah",,4.8,0.0,2,Menengah,1,Aktif,"Ayam & bebek, Aneka nasi, Cepat saji","1, Jalan Taman Harapan Indah, Kota Harapan Indah, Kabupaten Bekasi, Jawa Barat, Jawa, 17214, Indonesia",Kabupaten Bekasi,Kota Harapan Indah,17214,-6.1681226,106.9751802,https://gofood.link/a/yMa1z31,2018-06-25T07:23:39.228Z
a0ff8e35-4e83-4b50-8f00-5c098e0dabf0,"Pempek Mang Jawali, VILLA MUTIARA GADING 2",,4.7,0.0,1,Murah,1,Aktif,Jajanan,"Karangsatria, Kabupaten Bekasi, Jawa Barat, Jawa, 17123, Indonesia",Kabupaten Bekasi,,17123,-6.216612362482748,107.0354239270091,https://gofood.link/a/yMa6bZ7,2017-02-27T08:53:10.272Z
a87338a1-b24e-48af-9da1-ead9d111c2c8,SEDERHANA LINTAU 88,,4.8,0.0,2,Menengah,1,Aktif,"Aneka nasi, Cepat saji","Celebration Boulevard, Grand Wisata Residence, Dukuh Bima, Lambangsari, Kabupaten Bekasi, Jawa Barat, Jawa, 17510, Indonesia",Kabupaten Bekasi,Lambangsari,17510,-6.281389436294306,107.04666204750538,https://gofood.link/a/yQCuyzj,2020-09-29T14:20:37.830Z
c69c7135-4bbc-4624-9b01-f1cf0f535fb2,"Solaria, Grand Wisata Bekasi",,4.7,0.0,3,Mahal,1,Aktif,"Aneka nasi, Chinese","Jalan Boulevard Grand Wisata, Grand Wisata Residence, Dukuh Bima, Lambangsari, Kabupaten Bekasi, Jawa Barat, Jawa, 17510, Indonesia",Kabupaten Bekasi,Lambangsari,17510,-6.276719,107.044824,https://gofood.link/a/ymJ6vRb,2020-08-07T14:29:50.933Z
f6532f9f-2f2e-4fce-824b-992e23c72664,"Ayam Gepuk Pak Gembus, Mangun jaya",,4.7,0.0,2,Menengah,1,Aktif,Ayam & bebek,"Kompas, Mekarsari, Kabupaten Bekasi, Jawa Barat, Jawa, 17510, Indonesia",Kabupaten Bekasi,Mekarsari,17510,-6.252704398452751,107.05862884171586,https://gofood.link/a/zaAxX5q,2020-11-04T14:50:39.484Z
0f2c2046-3a19-4c9b-bf3d-2c5b14141994,"Moon Chicken (Ayam Goreng Korea), Grand Wisata",Add Outlet GR,4.7,0.0,3,Mahal,1,Aktif,"Ayam & bebek, Cepat saji, Jajanan, Korea, Aneka nasi","Celebration Boulevard, Grand Wisata Residence, Dukuh Bima, Lambangsari, Kabupaten Bekasi, Jawa Barat, Jawa, 17158, Indonesia",Kabupaten Bekasi,Lambangsari,17158,-6.288333,107.042917,https://gofood.link/a/zsVZG6S,2020-12-07T12:59:24.720Z
f08a97db-0a36-4c68-87e2-599961a9a4ca,"HokBen, Kitchen Karang Satria",,4.8,0.0,3,Mahal,1,Aktif,"Aneka nasi, Jepang","Jalan Karang Satria, Karangsatria, Kabupaten Bekasi, Jawa Barat, Jawa, 17123, Indonesia",Kabupaten Bekasi,Karangsatria,17123,-6.2153736,107.0333639,https://gofood.link/a/zyip6LQ,2020-12-17T17:42:44.075Z
c4854497-53eb-4e17-b04b-e42fe33a16db,"Mie Ayam Ulek, Pondok Ungu",,4.7,0.0,2,Menengah,1,Aktif,Bakmie,"Jalan Pondok Ungu Permai, Pondok Ungu Permai, Kabupaten Bekasi, Jawa Barat, Jawa, 17125, Indonesia",Kabupaten Bekasi,Pondok Ungu Permai,17125,-6.1806037,107.0082502,https://gofood.link/u/00jkj,2018-07-16T10:05:58.817Z
2894c893-a876-4552-9222-fd473d3cb68f,A&W Karang Satria Square,,4.8,0.0,3,Mahal,1,Aktif,Cepat saji,"Jalan Karang Satria, Karangsatria, Kabupaten Bekasi, Jawa Barat, Jawa, 17123, Indonesia",Kabupaten Bekasi,Karangsatria,17123,-6.2198521,107.0340334,https://gofood.link/u/08DM,2016-06-20T10:28:34.215Z
aca35a3d-b0d5-475e-9e96-9f7bd7cedcc3,"Ayam Bakar Solo Bu Anna, Pondok Ungu Permai",,4.5,0.0,1,Murah,1,Aktif,Ayam & bebek,"Pondok Ungu Permai, Kabupaten Bekasi, Jawa Barat, Jawa, 17125, Indonesia",Kabupaten Bekasi,,17125,-6.1786086,107.0083001,https://gofood.link/u/0dAk7,2016-06-20T10:23:30.565Z
2ccf3fb1-f339-4fc3-a490-aeae89a6816e,"RM Betawi Ibu Yayah, cibuntu",,4.6,0.0,2,Menengah,1,Aktif,"Aneka nasi, Bakso & soto","Kompas, Tambun, Kabupaten Bekasi, Jawa Barat, Jawa, 17510, Indonesia",Kabupaten Bekasi,Tambun,17510,-6.2704199588579215,107.06873428076506,https://gofood.link/u/0nw03,2017-09-18T08:50:09.540Z
c67db2d3-4fa9-4e29-8934-fe28eeeb3cbf,"Ayam Gepuk Pak Gembus, Ruko Asia Tropis",,4.7,0.0,2,Menengah,1,Aktif,Ayam & bebek,"42, Jalan Taman Cemara, Kota Harapan Indah, Kabupaten Bekasi, Jawa Barat, Jawa, 17214, Indonesia",Kabupaten Bekasi,Kota Harapan Indah,17214,-6.170252,106.975739,https://gofood.link/u/0z4L3,2017-12-13T10:14:34.392Z
d06c79e3-1e84-4968-9bc9-776b10b7cf76,"KFC, Metland Tambun",,4.7,0.0,2,Menengah,1,Aktif,Cepat saji,"Jalan Berlian Timuf, Kompas, Tambun, Kabupaten Bekasi, Jawa Barat, Jawa, 17520, Indonesia",Kabupaten Bekasi,Tambun,17520,-6.265443,107.073045,https://gofood.link/u/0zJZv,2017-05-02T12:18:52.685Z
7992369f-8a0a-4b7e-8caf-a6e63064520a,Gerai Roti Bakar (Choco Bread),,3.9,0.0,2,Menengah,1,Aktif,"Jajanan, Roti, Sweets","Babelan Kota, Kabupaten Bekasi, Jawa Barat, Jawa, 17610, Indonesia",Kabupaten Bekasi,,17610,-6.167345,107.031692,https://gofood.link/u/0zM11,2017-09-15T03:24:46.336Z
ddc95470-7637-4a7b-815f-cd2257d7758d,"Ayam Bakar Juara, Setu Bekasi",,4.8,0.0,2,Menengah,1,Aktif,Ayam & bebek,"Mustika Park Place, Burangkeng, Kabupaten Bekasi, Jawa Barat, Jawa, 17320, Indonesia",Kabupaten Bekasi,Burangkeng,17320,-6.340098,107.04199,https://gofood.link/u/13lzO,2018-10-26T09:43:01.945Z
573146fb-7d4c-4dfc-88bc-a875f5f989cd,"Pizza Hut Delivery - PHD, Cikarang Barat",,4.7,0.0,3,Mahal,1,Aktif,"Pizza & pasta, Cepat saji, Jajanan, Barat, Ayam & bebek","Sukadanau, Kabupaten Bekasi, Jawa Barat, Jawa, 17520, Indonesia",Kabupaten Bekasi,,17520,-6.273286,107.104488,https://gofood.link/u/1d8v,2017-07-15T05:43:23.072Z
eb135810-2256-46f2-b058-81a8989b18cf,"Warung Soto Betawi Bang ELLo, Ruko Taman Raflesia",,4.1,0.0,2,Menengah,1,Aktif,"Bakso & soto, Ayam & bebek","Jalan Jatimulya, Taman Rafflesia, Jatimulya, Kabupaten Bekasi, Jawa Barat, Jawa, 17115, Indonesia",Kabupaten Bekasi,Jatimulya,17115,-6.271422,107.018009,https://gofood.link/u/1z0KO,2018-05-26T04:59:19.321Z
16e50d5a-f794-416f-81aa-4c6f3e6cd6b1,"McDonald's, Jababeka 2 Cikarang",,4.7,0.0,3,Mahal,1,Aktif,"Cepat saji, Sweets, Jajanan","McDonald's, Jalan Niaga Raya, Jababeka, Pasirsari, Kabupaten Bekasi, Jawa Barat, Jawa, 17530, Indonesia",Kabupaten Bekasi,Pasirsari,17530,-6.30084536,107.1516219,https://gofood.link/u/20gV,2017-11-21T05:00:19.119Z
242e42a7-7827-4562-881f-b3a1b221cd28,"Seblak Lucy, Tambun Selatan",,3.3,0.0,1,Murah,1,Aktif,"Jajanan, Bakso & soto, Minuman","Setiamekar, Kabupaten Bekasi, Jawa Barat, Jawa, 17510, Indonesia",Kabupaten Bekasi,,17510,-6.245670384381809,107.05438110977413,https://gofood.link/u/2y8Lp,2018-05-08T06:44:59.138Z
5e4bd74f-4173-488a-bfcf-044a01003c41,"Ayam Penyet Special Mbak Zuni, Jatimulya",,4.7,0.0,2,Menengah,1,Aktif,"Bakso & soto, Ayam & bebek, Aneka nasi","Jalan Delima Raya, Perum. Jatimulya Bekasi, Jatimulya, Kabupaten Bekasi, Jawa Barat, Jawa, 17115, Indonesia",Kabupaten Bekasi,Jatimulya,17115,-6.268324,107.018468,https://gofood.link/u/2ylzB,2018-03-21T07:44:37.110Z
708b073c-7ba1-4dd6-8d69-a721e76e6947,"McDonald's, Cibitung",,4.7,0.0,3,Mahal,1,Aktif,"Cepat saji, Sweets, Jajanan","McDonald's, Jalan Raya Teuku Umar, Gandasari, Kabupaten Bekasi, Jawa Barat, Jawa, 17520, Indonesia",Kabupaten Bekasi,Gandasari,17520,-6.269622,107.088719,https://gofood.link/u/3NwAR,2017-11-21T04:44:23.793Z
57065fbd-bb9d-47ce-9fa3-be6845ebe7ea,"Baslok MS wonogiri 3, Tambun Utara",,4.2,0.0,3,Mahal,1,Aktif,"Jajanan, Bakso & soto, Bakmie","Jalan Pisangan Raya, Tera Damai, Sriamur, Kabupaten Bekasi, Jawa Barat, Jawa, 17150, Indonesia",Kabupaten Bekasi,Sriamur,17150,-6.191787586242232,107.04514224082232,https://gofood.link/u/44Jq,2017-04-27T08:21:27.162Z
fcbf92f4-23ea-454b-b3f7-de124b7f83c6,Cendolan x Nasi Telor Mama Muda,,4.7,0.0,2,Menengah,1,Aktif,"Minuman, Aneka nasi, Cepat saji","Kompas, Mekarsari, Kabupaten Bekasi, Jawa Barat, Jawa, 17519, Indonesia",Kabupaten Bekasi,Mekarsari,17519,-6.249166210780934,107.07242634147406,https://gofood.link/u/48Wkg,2018-01-24T02:24:00.178Z
dc6c9924-08ef-4b99-a619-07c4ed5022f9,"Warkop Disini Aja, Villa Mutiara Gading 1",,4.3,0.0,2,Menengah,1,Aktif,"Aneka nasi, Cepat saji, Kopi","Jalan Mutiara Gading Raya, Setiaasih, Kabupaten Bekasi, Jawa Barat, Jawa, 17215, Indonesia",Kabupaten Bekasi,Setiaasih,17215,-6.155682,106.991821,https://gofood.link/u/4jkQx,2018-10-12T06:54:37.819Z
626de152-61a6-4b5e-9b11-881fea60d3c8,"Burger King, Lippo Cikarang",,4.7,0.0,2,Menengah,1,Aktif,"Cepat saji, Aneka nasi, Jajanan, Ayam & bebek","SPBU 10054230, 112, Jalan Mohammad Husni Thamrin, Lippo Cikarang, Sukaresmi, Kabupaten Bekasi, Jawa Barat, Jawa, 17550, Indonesia",Kabupaten Bekasi,Sukaresmi,17550,-6.328921759,107.1294293,https://gofood.link/u/4jydv,2018-04-04T05:21:36.667Z
bd662ab1-3581-489d-bc54-3149ecc3dceb,"Domino's Pizza, Citywalk Cikarang",,4.7,0.0,3,Mahal,1,Aktif,"Pizza & pasta, Cepat saji, Jajanan","CityWalk, Jalan Mohammad Husni Thamrin, Lippo Cikarang, Sukaresmi, Kabupaten Bekasi, Jawa Barat, Jawa, 17550, Indonesia",Kabupaten Bekasi,Sukaresmi,17550,-6.3281079,107.1275716,https://gofood.link/u/72G21,2016-06-20T10:22:24.159Z
eb8a1dcd-2452-45cf-9eae-498efc8281a0,"Soto Betawi Ibu Emis, Tambun Selatan",,4.6,0.0,2,Menengah,1,Aktif,Bakso & soto,"Kompas, Mekarsari, Kabupaten Bekasi, Jawa Barat, Jawa, 17520, Indonesia",Kabupaten Bekasi,Mekarsari,17520,-6.2552622,107.0690744,https://gofood.link/u/72KGW,2018-11-21T07:29:16.467Z
77bf1b03-f20a-4eb7-a90f-298e58cb8f81,"Siomay Bandung ""Rejeki"", Tambun Selatan",,4.1,0.0,3,Mahal,1,Aktif,Jajanan,"Grand Wisata Residence, Dukuh Bima, Lambangsari, Kabupaten Bekasi, Jawa Barat, Jawa, 17510, Indonesia",Kabupaten Bekasi,Lambangsari,17510,-6.280283,107.0451095,https://gofood.link/u/7L1xe,2018-05-15T09:43:41.193Z
44eeb7be-0a26-4dea-b43b-9637f41364c8,"Pastel Mba Muy & Soto Mba Muy, Mangunjaya",,4.8,0.0,3,Mahal,1,Aktif,"Bakso & soto, Cepat saji, Jajanan","Jalan Melati VIII, Mangunjaya, Kabupaten Bekasi, Jawa Barat, Jawa, 17567, Indonesia",Kabupaten Bekasi,Mangunjaya,17567,-6.236382,107.060824,https://gofood.link/u/87Ax,2017-11-13T09:49:34.760Z
14ddbef1-13e8-4dcf-b3e7-8b8c8a2df60b,"Gado Gado Mama Resty, Babelan",,4.5,0.0,2,Menengah,1,Aktif,Aneka nasi,"Kabupaten Bekasi, Jawa Barat, Jawa, 17122, Indonesia",Kabupaten Bekasi,,17122,-6.199368,107.017985,https://gofood.link/u/8ZPQ,2018-05-31T04:14:34.170Z
dfb112f8-cc9c-410f-8ed5-aa62e4f17555,"Richeese Factory, Mangunjaya",,4.6,0.0,3,Mahal,1,Aktif,"Cepat saji, Ayam & bebek, Aneka nasi","Jalan Mangunjaya, Kompas, Setiadarma, Kabupaten Bekasi, Jawa Barat, Jawa, 17510, Indonesia",Kabupaten Bekasi,Setiadarma,17510,-6.250468,107.059865,https://gofood.link/u/8yNkJ,2017-08-25T07:01:06.669Z
fafeb36e-81e8-40ab-8812-6f6066a5eba3,"Pizza Hut Delivery - PHD, Ruko Villa Mutiara Gading 2",,4.6,0.0,4,Premium,1,Aktif,"Pizza & pasta, Cepat saji, Jajanan, Barat, Ayam & bebek","Jalan Karang Satria, Karangsatria, Kabupaten Bekasi, Jawa Barat, Jawa, 17123, Indonesia",Kabupaten Bekasi,Karangsatria,17123,-6.215971,107.033105,https://gofood.link/u/8zgp1,2017-05-30T06:12:28.038Z
49589442-fd60-4cad-9bfc-0b5adda31129,"Mie Ayam Bakso Bu Rita, Babelan",,3.7,0.0,2,Menengah,1,Aktif,"Minuman, Bakso & soto, Bakmie","Jalan Kh Tajudin, Kabupaten Bekasi, Jawa Barat, Jawa, 17610, Indonesia",Kabupaten Bekasi,,17610,-6.186959,107.034096,https://gofood.link/u/91KK0M,2019-11-19T11:49:09.119Z
761d37ce-f956-43df-acd9-b564195037f6,"Zhandoezz Pizza, Villa Mutiara Gading 2",,0.0,0.0,2,Menengah,1,Aktif,Pizza & pasta,"Karangsatria, Kabupaten Bekasi, Jawa Barat, Jawa, 17123, Indonesia",Kabupaten Bekasi,,17123,-6.216826010670063,107.03512481879444,https://gofood.link/u/9wwMY,2017-08-08T06:08:53.499Z
106f6cae-4dda-42e3-bcd9-68ed4668238f,"Pizza Hut Delivery - PHD, Cikarang",,4.6,0.0,3,Mahal,1,Aktif,"Pizza & pasta, Cepat saji, Jajanan, Barat, Ayam & bebek","Jalan Raya Cibarusah, Ciantra, Kabupaten Bekasi, Jawa Barat, Jawa, 17550, Indonesia",Kabupaten Bekasi,Ciantra,17550,-6.339611,107.120497,https://gofood.link/u/B84Pq,2017-05-30T05:33:22.179Z
ab2504f8-bcb6-46b3-8b94-5b3c05defe98,"Momolin Bakery, Babelan",,4.6,0.0,2,Menengah,1,Aktif,Sweets,"Jalan Pondok Ungu Permai, Grand Pondok Ungu, Kabupaten Bekasi, Jawa Barat, Jawa, 17125, Indonesia",Kabupaten Bekasi,Grand Pondok Ungu,17125,-6.185579459712217,107.00838223099709,https://gofood.link/u/B8M3O,2018-05-04T06:29:55.239Z
55a6f5be-72dc-4a5a-a574-a669e7d5f83e,"Warung Tongseng dan Soto Pakde Mamo, Tambun Selatan",,4.8,0.0,2,Menengah,1,Aktif,"Aneka nasi, Bakso & soto","Jalan Bumi Sani Permai, Setiamekar, Kabupaten Bekasi, Jawa Barat, Jawa, 17111, Indonesia",Kabupaten Bekasi,Setiamekar,17111,-6.243446,107.048834,https://gofood.link/u/B8xR,2018-06-24T03:29:01.318Z
173b621a-4c0d-43d8-a619-486f785d9e1e,"Jamilah Happy Food and Drink, Pusaka Rakyat",,0.0,0.0,2,Menengah,1,Aktif,"Jajanan, Martabak, Minuman","Jalan Pusaka Rakyat, Kota Harapan Indah, Setiaasih, Kabupaten Bekasi, Jawa Barat, Jawa, 17215, Indonesia",Kabupaten Bekasi,Setiaasih,17215,-6.1603159,106.9877433,https://gofood.link/u/BNpv,2018-10-10T04:42:11.042Z
e555f2b4-c931-404d-840b-5632e23decae,"Burger King, Grand Wisata",,4.7,0.0,2,Menengah,1,Aktif,"Cepat saji, Aneka nasi, Jajanan, Ayam & bebek","Sunset Avenue, Grand Wisata Residence, Dukuh Bima, Lambangsari, Kabupaten Bekasi, Jawa Barat, Jawa, 17510, Indonesia",Kabupaten Bekasi,Lambangsari,17510,-6.276489360309469,107.04468397807004,https://gofood.link/u/Bl87q,2017-12-13T07:53:21.213Z
b7de1386-3016-41c1-9841-a093e6625df1,"Ikan Bakar Cianjur, Harapan Indah","Catatan : Menu Makan + Minum belum termasuk PPN & Service Charge 
Untuk pemesanan silahkan hubungi ( 021 ) 296 80600",4.8,0.0,3,Mahal,1,Aktif,"Seafood, Aneka nasi","Ikan Bakar Cianjur, Jalan Harapan Indah Bulevar, Kota Harapan Indah, Pusakarakyat, Kabupaten Bekasi, Jawa Barat, Jawa, 17214, Indonesia",Kabupaten Bekasi,Pusakarakyat,17214,-6.16068584,106.9743574,https://gofood.link/u/BlNey,2017-02-03T07:39:09.345Z
74281137-52c8-440c-9536-b866cf0d2225,"Rumah Makan & Seafood '99', Puri Cendana",,4.7,0.0,3,Mahal,1,Aktif,"Seafood, Ayam & bebek, Aneka nasi","Jalan Puri Cendana, Mangunjaya, Kabupaten Bekasi, Jawa Barat, Jawa, 17519, Indonesia",Kabupaten Bekasi,Mangunjaya,17519,-6.237429,107.066984,https://gofood.link/u/D92bm,2018-10-17T02:48:22.393Z
af0824e6-08a2-47e7-be17-91dfc8646e29,"HokBen, Sentra Grosir Cikarang",,4.7,0.0,3,Mahal,1,Aktif,Cepat saji,"SGC - Sentra Grosir Cikarang, Jalan R.E. Martadinata, Cikarang, Kabupaten Bekasi, Jawa Barat, Jawa, 17383, Indonesia",Kabupaten Bekasi,Cikarang,17383,-6.2584991,107.146221,https://gofood.link/u/D9J0G,2016-06-20T10:21:52.806Z
eb95b0ab-4951-46f3-9213-fead93a52a5b,"Lets Go Chicken, Ujung Harapan",,4.3,0.0,2,Menengah,1,Aktif,"Cepat saji, Ayam & bebek","Jalan Raya Ujung Harapan, Kabupaten Bekasi, Jawa Barat, Jawa, 17125, Indonesia",Kabupaten Bekasi,,17125,-6.189557,107.012479,https://gofood.link/u/DZm4m,2019-09-10T18:02:42.520Z
1089edfe-0adc-4c72-a276-ccd03ecea389,"Sopel (Sosis Pele), Kp Kandang",,4.6,0.0,1,Murah,1,Aktif,Jajanan,"Perum. Taman Elok Persada, Mutiara Gading, Mustikajaya, Kabupaten Bekasi, Jawa Barat, Jawa, 17158, Indonesia",Kabupaten Bekasi,Mustikajaya,17158,-6.286219732323926,107.03809540718794,https://gofood.link/u/DaD21,2017-11-10T04:41:30.724Z
e146838d-a3c9-41e2-b6c6-4ea8202dd4bd,Sate Klathak Joss Gandoss,Untuk mempercepat pelayanan mohon setiap order dapat diinfo via Telp/WA 085210798870 atau 085813338779,4.8,0.0,3,Mahal,1,Aktif,"Sate, Minuman, Cepat saji","Celebration Boulevard, Grand Wisata Residence, Lambangsari, Kabupaten Bekasi, Jawa Barat, Jawa, 17158, Indonesia",Kabupaten Bekasi,Lambangsari,17158,-6.29079,107.045021,https://gofood.link/u/GKqeM,2016-09-20T07:52:11.087Z
6a12309c-8404-4c64-91c1-65ad84532257,"RM Padang Ranah Minang, Cibitung",,3.6,0.0,1,Murah,1,Aktif,"Ayam & bebek, Aneka nasi","Jalan Trias Raya, Trias, Tridayasakti, Kabupaten Bekasi, Jawa Barat, Jawa, 17520, Indonesia",Kabupaten Bekasi,Tridayasakti,17520,-6.250447,107.082398,https://gofood.link/u/GeDQN,2018-11-22T10:27:06.964Z
e63bd2cd-43c2-4892-bdf8-cf5513363b6f,"Bandeng Presto Citra Semarang, Grand Residence",,0.0,0.0,3,Mahal,1,Aktif,Seafood,"Grand Residence City, Mustika Park Place, Burangkeng, Kabupaten Bekasi, Jawa Barat, Jawa, 17155, Indonesia",Kabupaten Bekasi,Burangkeng,17155,-6.329981,107.034848,https://gofood.link/u/J3azR,2017-10-13T10:10:09.598Z
39b361ec-e967-40ab-9fef-f7553df64425,"Warung Sate Solo Pak Bejo, Cibuntu",,3.7,0.0,2,Menengah,1,Aktif,"Aneka nasi, Bakso & soto, Sate","Jalan Inspeksi Kalimalang, Gandasari, Kabupaten Bekasi, Jawa Barat, Jawa, 17520, Indonesia",Kabupaten Bekasi,Gandasari,17520,-6.279512,107.080189,https://gofood.link/u/JMNj,2018-01-04T10:49:59.006Z
488f2bef-ef93-4a4e-8c4e-3dab70d7aaa7,"Been Sae Cake & Cookies, Tambun Selatan",,4.4,0.0,3,Mahal,1,Aktif,Roti,"Jalan Mangunjaya, Kompas, Setiadarma, Kabupaten Bekasi, Jawa Barat, Jawa, 17510, Indonesia",Kabupaten Bekasi,Setiadarma,17510,-6.254863,107.058488,https://gofood.link/u/JV0pn,2018-02-12T06:45:06.603Z
c6274ab6-a8ce-43fa-adbf-ffd05aa4b037,"Asinan Betawi Ibu Susi, Cibitung",,4.6,0.0,2,Menengah,1,Aktif,Jajanan,"RS. Cibitung Medika, Jalan Raya B. Bosih, Trias, Wanasari, Kabupaten Bekasi, Jawa Barat, Jawa, 17520, Indonesia",Kabupaten Bekasi,Wanasari,17520,-6.2529133,107.0861737,https://gofood.link/u/K30kG,2018-09-13T09:44:02.136Z
1f8eb7c7-55e2-4962-8206-b6e1aa325f3e,"Sop Iga Dapur Mama 2, Cikarang",,4.7,0.0,2,Menengah,1,Aktif,"Aneka nasi, Bakso & soto","Jalan Kedasih Raya, Jababeka, Pasirsari, Kabupaten Bekasi, Jawa Barat, Jawa, 17530, Indonesia",Kabupaten Bekasi,Pasirsari,17530,-6.3002891,107.1613104,https://gofood.link/u/KVWa,2019-05-14T12:03:32.843Z
6654da97-5384-442d-b18f-a277a1e87aa6,"Warkop 1899, Puma 88",,4.2,0.0,1,Murah,1,Aktif,Jajanan,"Rawa Sapi, Jatimulya, Kabupaten Bekasi, Jawa Barat, Jawa, 17115, Indonesia",Kabupaten Bekasi,Jatimulya,17115,-6.273842,107.020207,https://gofood.link/u/Kk4Ra,2019-07-24T16:42:08.959Z
0f399536-171c-48d9-85f4-e48e0a56643d,Iga Ndut Grand Wisata,,4.5,0.0,3,Mahal,1,Aktif,"Aneka nasi, Cepat saji, Jajanan","Grand Wisata Residence, Dukuh Bima, Lambangsari, Kabupaten Bekasi, Jawa Barat, Jawa, 17510, Indonesia",Kabupaten Bekasi,Lambangsari,17510,-6.278156105598946,107.0463190600276,https://gofood.link/u/LGOvO,2018-12-19T03:16:27.049Z
a7d6dee7-d01f-43ec-bd8d-5d4225e95116,"Seblak Seuhah Ella, Tambun",,4.8,0.0,2,Menengah,1,Aktif,Jajanan,"Kompas, Tambun, Kabupaten Bekasi, Jawa Barat, Jawa, 17510, Indonesia",Kabupaten Bekasi,Tambun,17510,-6.266616997266668,107.06701498478652,https://gofood.link/u/LOpjV,2018-05-21T03:52:15.578Z
fb90730a-8723-425b-915f-1043630f57b8,"Pempek Zaqi, Perumahan Bumi Lestari",,4.7,0.0,1,Murah,1,Aktif,Jajanan,"Mangunjaya, Kabupaten Bekasi, Jawa Barat, Jawa, 17567, Indonesia",Kabupaten Bekasi,,17567,-6.240988,107.060197,https://gofood.link/u/Mbaw5,2018-01-29T04:28:02.724Z
f4fb49cd-e4c4-4c96-8810-c01324957714,"Solaria, @Hom Cibitung",,4.7,0.0,3,Mahal,1,Aktif,"Bakmie, Aneka nasi, Chinese","Jalan Berlian Timuf, Kompas, Tambun, Kabupaten Bekasi, Jawa Barat, Jawa, 17520, Indonesia",Kabupaten Bekasi,Tambun,17520,-6.265618,107.073336,https://gofood.link/u/MbmDY,2017-07-25T05:58:08.079Z
297d1e63-10d2-4ae3-b21c-cd26d2d1ecf3,Kebun Kopi,,4.7,0.0,3,Mahal,1,Aktif,Kopi,"Grand Wisata Residence, Dukuh Bima, Lambangsari, Kabupaten Bekasi, Jawa Barat, Jawa, 17510, Indonesia",Kabupaten Bekasi,Lambangsari,17510,-6.27923,107.04556,https://gofood.link/u/MpqY,2016-11-10T11:09:41.295Z
71bef799-6b4c-4e7b-bccd-f03df2a709e7,"Ayam Bakar Dan Ayam Penyet Ummu Dzikri, Setu Bekasi",,4.6,0.0,2,Menengah,1,Aktif,"Ayam & bebek, Minuman, Aneka nasi","Grand Residence City, Mustika Park Place, Cijengkol, Kabupaten Bekasi, Jawa Barat, Jawa, 17320, Indonesia",Kabupaten Bekasi,Cijengkol,17320,-6.329389798338336,107.03899227082728,https://gofood.link/u/Mqnkb,2018-07-06T04:20:47.432Z
4f6de54e-93fe-4602-abdc-a0aadf995a87,"Haus!, Karang Satria",,4.7,0.0,2,Menengah,1,Aktif,"Sweets, Minuman, Jajanan, Kopi","Kabupaten Bekasi, Jawa Barat, Jawa, 17123, Indonesia",Kabupaten Bekasi,,17123,-6.216163,107.032929,https://gofood.link/u/MwdYe,2019-08-27T10:43:59.051Z
5a42e253-d8ff-41c7-bac6-91e345376894,"Solaria, Living Plaza Jababeka",,4.7,0.0,3,Mahal,1,Aktif,"Aneka nasi, Ayam & bebek","Jalan Niaga Raya, Jababeka, Pasirsari, Kabupaten Bekasi, Jawa Barat, Jawa, 17530, Indonesia",Kabupaten Bekasi,Pasirsari,17530,-6.2994678,107.1504177,https://gofood.link/u/O2JgZL,2019-10-29T14:42:07.863Z
6a5904da-ab54-43c8-9fdd-ffa6f23eb528,"Yokobento, Ruko Villa Mutiara Gading",,4.6,0.0,2,Menengah,1,Aktif,"Jepang, Ayam & bebek, Cepat saji","Jalan Karang Satria, Karangsatria, Kabupaten Bekasi, Jawa Barat, Jawa, 17123, Indonesia",Kabupaten Bekasi,Karangsatria,17123,-6.215808,107.033384,https://gofood.link/u/OJbQp,2017-12-28T03:05:10.850Z
f8acfbb8-7a6b-4cec-a272-e15fbce13700,"Domino's Pizza, Jababeka 2",,4.7,0.0,3,Mahal,1,Aktif,"Pizza & pasta, Cepat saji, Jajanan","Jalan Raya Cibarusah, Jababeka, Mekarmukti, Kabupaten Bekasi, Jawa Barat, Jawa, 17530, Indonesia",Kabupaten Bekasi,Mekarmukti,17530,-6.297705,107.14821,https://gofood.link/u/OJjdr,2017-03-23T09:44:34.385Z
4635f3bf-734f-4487-b72e-896a28db56b9,"AG Smokehouse, Ruko Asia Tropis","Restoran dengan konsep fast food service, untuk dine in, take away dan delivery",4.4,0.0,3,Mahal,1,Aktif,Ayam & bebek,"30, Jalan Harapan Indah Bulevar, Kota Harapan Indah, Kabupaten Bekasi, Jawa Barat, Jawa, 17214, Indonesia",Kabupaten Bekasi,Kota Harapan Indah,17214,-6.171501,106.975001,https://gofood.link/u/Oq0r,2016-07-20T08:56:27.770Z
459abbe1-6836-4ce9-9997-321cb26e5924,"Kopi Kenangan, BP KHI Boulevard",,4.8,0.0,2,Menengah,1,Aktif,"Minuman, Kopi, Sweets, Roti, Jajanan","BP AKR Kota Harapan Indah, Jalan Harapan Indah Bulevar, Kota Harapan Indah, Kabupaten Bekasi, Jawa Barat, Jawa, 17214, Indonesia",Kabupaten Bekasi,Kota Harapan Indah,17214,-6.1698303,106.9741777,https://gofood.link/u/Ox1da,2019-09-27T17:56:27.942Z
5b614637-9345-44ed-a3b1-76c2afdbae50,"XIBOBA, Cibitung",,4.6,0.0,2,Menengah,1,Aktif,"Sweets, Jajanan, Kopi, Minuman","Ramayana Department Store Cibitung, Jalan Raya Teuku Umar, Gandasari, Kabupaten Bekasi, Jawa Barat, Jawa, 17520, Indonesia",Kabupaten Bekasi,Gandasari,17520,-6.269949,107.086074,https://gofood.link/u/POWrMb,2019-10-31T23:15:03.182Z
101f1a68-71a9-4c71-9782-52446d1e7244,"Ikan Bakar BM, Tambun Utara",,4.8,0.0,3,Mahal,1,Aktif,"Ayam & bebek, Seafood, Minuman","Jalan Raya Rawa Kalong, Karangsatria, Kabupaten Bekasi, Jawa Barat, Jawa, 17123, Indonesia",Kabupaten Bekasi,Karangsatria,17123,-6.228663,107.04399,https://gofood.link/u/POrVk,2018-03-12T07:04:34.555Z
56270ba0-59b7-4da4-906d-dfac26aa691e,"Warung Kelontong, Festival Avenue 77",,4.8,0.0,2,Menengah,1,Aktif,"Ayam & bebek, Aneka nasi, Pizza & pasta","Grand Wisata Residence, Dukuh Bima, Lambangsari, Kabupaten Bekasi, Jawa Barat, Jawa, 17510, Indonesia",Kabupaten Bekasi,Lambangsari,17510,-6.280394,107.044503,https://gofood.link/u/PWM5,2018-05-31T03:41:58.463Z
0fa899b6-0eb8-4a1e-9ef8-adcce61b1616,Kedai Kopi Tjan,,4.6,0.0,3,Mahal,1,Aktif,"Aneka nasi, Barat, Kopi","Kota Harapan Indah, Kabupaten Bekasi, Jawa Barat, Jawa, 17214, Indonesia",Kabupaten Bekasi,,17214,-6.175574306272063,106.9753099232912,https://gofood.link/u/Q5wx9,2017-02-13T07:00:06.550Z
50502adb-02e4-4c47-8897-8bbe39dfb52b,"Salad Buah Firly, Tambun Selatan",,3.8,0.0,3,Mahal,1,Aktif,"Sweets, Cepat saji","Rawa Sapi, Jatimulya, Kabupaten Bekasi, Jawa Barat, Jawa, 17115, Indonesia",Kabupaten Bekasi,Jatimulya,17115,-6.275127,107.023145,https://gofood.link/u/QBGk,2018-10-17T08:31:04.758Z
179c3bc9-e9be-4d78-b234-1033466f92aa,"KFC, Grand Wisata",,4.8,0.0,3,Mahal,1,Aktif,Cepat saji,"Sunset Avenue, Grand Wisata Residence, Dukuh Bima, Lambangsari, Kabupaten Bekasi, Jawa Barat, Jawa, 17510, Indonesia",Kabupaten Bekasi,Lambangsari,17510,-6.27627,107.0448383,https://gofood.link/u/QKNQ,2019-01-02T09:34:44.625Z
6c3e7018-1733-4b73-af64-2223e204db30,"Al Kautsar, Cibitung",,0.0,0.0,2,Menengah,1,Aktif,Jajanan,"Kompas, Tambun, Kabupaten Bekasi, Jawa Barat, Jawa, 17520, Indonesia",Kabupaten Bekasi,Tambun,17520,-6.270961,107.079166,https://gofood.link/u/Qd1ZM,2018-09-27T03:58:17.087Z
2ed77fbc-2025-4753-9e91-f2cb8b618438,"Richeese Factory, Grand Wisata",,4.7,0.0,3,Mahal,1,Aktif,"Cepat saji, Ayam & bebek, Aneka nasi","Grand Wisata Residence, Lambangsari, Kabupaten Bekasi, Jawa Barat, Jawa, 17510, Indonesia",Kabupaten Bekasi,Lambangsari,17510,-6.281075,107.046682,https://gofood.link/u/Qd8Pk2,2020-03-26T18:05:57.019Z
4f501313-9ed5-4943-bbb6-29df8623158e,"Rumah Makan Seafood Nasional, Pondok Timur Indah",,4.8,0.0,3,Mahal,1,Aktif,"Ayam & bebek, Aneka nasi","Jalan Pondok Timur Indah, Pondok Timur Indah, Pondok Timur, Kabupaten Bekasi, Jawa Barat, Jawa, 17158, Indonesia",Kabupaten Bekasi,Pondok Timur,17158,-6.285889,107.018329,https://gofood.link/u/RGd1,2018-08-12T09:36:32.374Z
002897c3-f38a-4cb8-a73b-a6eb1b896ce4,"Churros Lezatos, Jembatan Besi",,4.5,0.0,2,Menengah,1,Aktif,"Sweets, Jajanan, Minuman","Jalan Karang Satria, Karangsatria, Kabupaten Bekasi, Jawa Barat, Jawa, 17123, Indonesia",Kabupaten Bekasi,Karangsatria,17123,-6.212984,107.033993,https://gofood.link/u/RQJ,2018-09-14T08:21:29.855Z
60ce0bf3-56e0-4393-ad8a-5650bbd2e0b8,"Seblak Mang Doddy, Setu",,4.1,0.0,2,Menengah,1,Aktif,"Jajanan, Cepat saji","Mustika Park Place, Burangkeng, Kabupaten Bekasi, Jawa Barat, Jawa, 17320, Indonesia",Kabupaten Bekasi,Burangkeng,17320,-6.33907,107.0406,https://gofood.link/u/V5b3N,2018-05-21T02:43:08.757Z
e057c51d-e342-4fa8-bb0c-603902278d52,"Warung Makan Khas Solo Pak Bejo, Tambun","Kami menyediakan makanan KULINER khas SOLO JAWA TENGAH, Dihidangkan dengan hangat, nikmat dan TERJANGKAU.",4.4,0.0,3,Mahal,1,Aktif,"Bakso & soto, Ayam & bebek","Jalan Hasanuddin, Lapangan Kobra, Kompas, Setiadarma, Kabupaten Bekasi, Jawa Barat, Jawa, 17510, Indonesia",Kabupaten Bekasi,Setiadarma,17510,-6.26211614,107.0612817,https://gofood.link/u/VdlRP,2017-02-22T07:10:49.416Z
2b454ca6-8f79-471c-8842-aa897b390f7a,"Bakso Kumis Permai 2, Cibitung",,4.4,0.0,2,Menengah,1,Aktif,"Bakmie, Bakso & soto","Trias, Wanasari, Kabupaten Bekasi, Jawa Barat, Jawa, 17520, Indonesia",Kabupaten Bekasi,Wanasari,17520,-6.2406381,107.0936755,https://gofood.link/u/Veyv,2018-09-26T08:07:44.090Z
12589cff-1a7d-4ef9-b421-1a8f3c57887f,"d'BestO, Rawa Kalong 1",,4.7,0.0,2,Menengah,1,Aktif,Cepat saji,"Jalan Setia Mekar, Toyogiri, Setiamekar, Kabupaten Bekasi, Jawa Barat, Jawa, 10350, Indonesia",Kabupaten Bekasi,Setiamekar,10350,-6.243633,107.042011,https://gofood.link/u/Vr990,2018-11-20T14:02:36.268Z
41a595a7-baca-4bf0-b9d4-ea492646ed9f,"HokBen, Lippo Cikarang",,4.8,0.0,3,Mahal,1,Aktif,Cepat saji,"Mal Lippo Cikarang, Jalan Daha, Lippo Cikarang, Sukaresmi, Kabupaten Bekasi, Jawa Barat, Jawa, 17550, Indonesia",Kabupaten Bekasi,Sukaresmi,17550,-6.3344089,107.1369794,https://gofood.link/u/Vrge3,2016-06-20T10:21:52.792Z
82c2f257-0976-4714-bc88-ac3bcda434e5,Bul - Bul Food and Beverage,Bul - Bul Food and Beverage merupakan sebuah tempat jajan yang asik dan kekinian yang menjual berbagai macam makanan dengan harga pelajar.,0.0,0.0,2,Menengah,1,Aktif,Jajanan,"Kompas, Mekarsari, Kabupaten Bekasi, Jawa Barat, Jawa, 17519, Indonesia",Kabupaten Bekasi,Mekarsari,17519,-6.246478,107.069435,https://gofood.link/u/WLKJM,2017-09-25T09:53:08.650Z
efcd81fb-b629-46be-afee-a62db5df3286,"Rajanya Ikan Bakar, Setiadarma",,4.8,0.0,3,Mahal,1,Aktif,"Seafood, Ayam & bebek, Cepat saji","Jalan KH Abu Bakar, Lapangan Kobra, Kompas, Setiadarma, Kabupaten Bekasi, Jawa Barat, Jawa, 17510, Indonesia",Kabupaten Bekasi,Setiadarma,17510,-6.269169,107.05345,https://gofood.link/u/YKdVD,2018-10-23T03:21:57.569Z
c4898b0f-4e66-4395-bbe0-4ce16fc8d590,"KFC, Lippo Thamrin Cikarang",,4.7,0.0,2,Menengah,1,Aktif,Cepat saji,"SPBU 10054230, 112, Jalan Mohammad Husni Thamrin, Lippo Cikarang, Sukaresmi, Kabupaten Bekasi, Jawa Barat, Jawa, 17550, Indonesia",Kabupaten Bekasi,Sukaresmi,17550,-6.32895488123,107.129336503,https://gofood.link/u/ZAv4Y,2018-05-17T05:24:57.700Z
41545768-f320-4903-8e40-d8c4146db736,"Master Penyet, Tarumajaya",Juara Partner GO-FOOD 2019: Kategori Favorit Bekasi,4.7,0.0,2,Menengah,1,Aktif,Ayam & bebek,"Setiaasih, Kabupaten Bekasi, Jawa Barat, Jawa, 17215, Indonesia",Kabupaten Bekasi,,17215,-6.154629,106.99409,https://gofood.link/u/ZLDnA,2018-04-02T06:48:47.907Z
af14319b-e4ec-4d45-80fd-7f5cdcd604ad,NASI GORENG AJ,,0.0,0.0,1,Murah,1,Aktif,"Sweets, Jajanan","Setiamekar, Kabupaten Bekasi, Jawa Barat, Jawa, 17111, Indonesia",Kabupaten Bekasi,,17111,-6.238981999202076,107.04797367036504,https://gofood.link/u/aR1Qx,2018-08-07T09:40:36.708Z
f9e072f6-da1d-4f29-9f22-8be06cb466fc,"Ayam Panggang Cimut, Cibitung",,4.7,0.0,2,Menengah,1,Aktif,Ayam & bebek,"Trias, Tridayasakti, Kabupaten Bekasi, Jawa Barat, Jawa, 17520, Indonesia",Kabupaten Bekasi,Tridayasakti,17520,-6.25659,107.080989,https://gofood.link/u/aRpmK,2018-02-20T04:13:39.724Z
51db62cf-4f0a-4872-9710-b99e82c95f30,"Zigaz Coffee  House, Tambun",,4.5,0.0,1,Murah,1,Aktif,"Sate, Jajanan, Minuman","Jalan Puri Cendana, Mangunjaya, Kabupaten Bekasi, Jawa Barat, Jawa, 17519, Indonesia",Kabupaten Bekasi,Mangunjaya,17519,-6.237167,107.066944,https://gofood.link/u/aWgwx,2018-08-21T08:39:23.425Z
173f1873-535a-4296-90e9-32d4c45289f0,"I Am Geprek Bensu, Marakash",,4.7,0.0,2,Menengah,1,Aktif,"Ayam & bebek, Aneka nasi, Cepat saji","Jalan Pondok Ungu Permai, Grand Pondok Ungu, Kabupaten Bekasi, Jawa Barat, Jawa, 17125, Indonesia",Kabupaten Bekasi,Grand Pondok Ungu,17125,-6.1886292,107.0079217,https://gofood.link/u/aY53,2018-10-10T08:02:28.625Z
bb351c7e-512d-42b3-90a0-2de72c5d43d6,"GleGek, Bosih Cibitung",AddOutletGR,4.2,0.0,1,Murah,1,Aktif,,"Jalan Raya B. Bosih, Trias, Wanasari, Kabupaten Bekasi, Jawa Barat, Jawa, 17520, Indonesia",Kabupaten Bekasi,Wanasari,17520,-6.248074,107.088704,https://gofood.link/u/aYnyO,2019-10-09T17:46:06.961Z
76678f8e-16cd-4fd1-bac4-e88229d75939,"Kedai Legit, Aralia",,0.0,0.0,2,Menengah,1,Aktif,"Aneka nasi, Bakso & soto, Ayam & bebek","Jalan Bulevar Harapan Indah, Kota Harapan Indah, Pusakarakyat, Kabupaten Bekasi, Jawa Barat, Jawa, 17215, Indonesia",Kabupaten Bekasi,Pusakarakyat,17215,-6.149934905047056,106.98386985808612,https://gofood.link/u/bR52q,2018-07-31T03:36:31.591Z
6f7c6ae9-cfad-4c53-ac64-d8e479f55831,"Bakso Bakwan Malang Cak Su Kumis, Grand Wisata",,4.7,0.0,1,Murah,1,Aktif,Bakso & soto,"Jalan Summer Festival 3, Grand Wisata Residence, Dukuh Bima, Lambangsari, Kabupaten Bekasi, Jawa Barat, Jawa, 17158, Indonesia",Kabupaten Bekasi,Lambangsari,17158,-6.287702,107.043702,https://gofood.link/u/bRLD8,2018-03-12T05:58:55.010Z
a3d99845-f96c-43a2-9ce6-a37d63654e62,"SHSD Sambel Hejo Sambel Dadak (Ayam Goreng Basah), Tambun",,4.8,0.0,2,Menengah,1,Aktif,"Aneka nasi, Minuman","Grand Wisata Residence, Dukuh Bima, Lambangsari, Kabupaten Bekasi, Jawa Barat, Jawa, 17510, Indonesia",Kabupaten Bekasi,Lambangsari,17510,-6.2789116400000005,107.0462745,https://gofood.link/u/bgKOW,2017-09-04T07:32:36.964Z
59e7c89e-0fac-41f4-8b7e-77c2841597cc,"Penyet Azka, Babakan",,4.8,0.0,2,Menengah,1,Aktif,Ayam & bebek,"Satriajaya, Kabupaten Bekasi, Jawa Barat, Jawa, 17150, Indonesia",Kabupaten Bekasi,,17150,-6.208961,107.039795,https://gofood.link/u/brRq,2018-07-30T10:14:54.150Z
3baada95-6587-4dff-87ee-8c7d7a2c4e33,"Burger King, Gading Terrace Boelevard",,4.7,0.0,2,Menengah,1,Aktif,"Cepat saji, Aneka nasi, Jajanan, Ayam & bebek","Karangsatria, Kabupaten Bekasi, Jawa Barat, Jawa, 17123, Indonesia",Kabupaten Bekasi,,17123,-6.215343,107.035166,https://gofood.link/u/eJ3RDq,2019-12-10T21:04:51.351Z
35b6cfb1-2b14-4c6e-a95f-8ded803deb88,"Belut Penyet & Ayam Geprek Raja, Cibitung","Dijamin Pedaz Nikmat, Cocok Buat Yg Lagi Kedinginan Buat Menghangatkan Badan.",3.9,0.0,2,Menengah,1,Aktif,Aneka nasi,"Kompas, Tambun, Kabupaten Bekasi, Jawa Barat, Jawa, 17520, Indonesia",Kabupaten Bekasi,Tambun,17520,-6.265735,107.076263,https://gofood.link/u/eJgN4,2018-10-24T08:28:28.696Z
e4567afc-cfb6-4f45-9430-9a531e4092ba,"McDonald's, Lippo Cikarang",,4.7,0.0,3,Mahal,1,Aktif,"Cepat saji, Sweets, Jajanan","Jalan Mohammad Husni Thamrin, Lippo Cikarang, Sukaresmi, Kabupaten Bekasi, Jawa Barat, Jawa, 17550, Indonesia",Kabupaten Bekasi,Sukaresmi,17550,-6.326979,107.1266954,https://gofood.link/u/eqLNv,2017-11-21T05:04:04.504Z
e85193c6-bade-4db0-9ec8-fa12fdd854de,"Mie Ayam Bangka Josen, Tambun Utara",,4.8,0.0,2,Menengah,1,Aktif,Bakmie,"Karangsatria, Kabupaten Bekasi, Jawa Barat, Jawa, 17123, Indonesia",Kabupaten Bekasi,,17123,-6.220703,107.035786,https://gofood.link/u/ggKqg,2018-03-29T07:47:22.606Z
15204d78-fb13-4d7a-8e90-ce6c2614868f,"Seblak Mewek, Puri Cendana",,4.7,0.0,1,Murah,1,Aktif,,"Jalan Puri Cendana, Mangunjaya, Kabupaten Bekasi, Jawa Barat, Jawa, 17519, Indonesia",Kabupaten Bekasi,Mangunjaya,17519,-6.240037485437629,107.06730600446464,https://gofood.link/u/gkDnxy,2019-12-05T13:48:04.363Z
0f934516-ef4d-4f01-a797-258083c62c65,"Seblak Mewek, Marakash",,4.7,0.0,1,Murah,1,Aktif,Jajanan,"Grand Pondok Ungu, Kabupaten Bekasi, Jawa Barat, Jawa, 17125, Indonesia",Kabupaten Bekasi,,17125,-6.184111,107.013,https://gofood.link/u/gkR0R,2019-05-27T15:42:03.223Z
47f87474-7f34-4301-97ab-898ab074a48e,"Spesial Geprek Wae, Tambun",,4.8,0.0,1,Murah,1,Aktif,"Aneka nasi, Ayam & bebek","Mangunjaya, Kabupaten Bekasi, Jawa Barat, Jawa, 17519, Indonesia",Kabupaten Bekasi,,17519,-6.241265,107.067666,https://gofood.link/u/j40B,2018-03-08T04:41:18.111Z
e9b98e99-62bf-4fa2-b08a-aafbe063689d,"Richeese Factory, Plaza Jababeka",,4.7,0.0,3,Mahal,1,Aktif,"Ayam & bebek, Cepat saji, Korea","Plaza Jababeka, Jalan Industri Utara 1, Jababeka, Mekarmukti, Kabupaten Bekasi, Jawa Barat, Jawa, 17530, Indonesia",Kabupaten Bekasi,Mekarmukti,17530,-6.298152,107.149535,https://gofood.link/u/jMWJN,2017-12-28T09:46:09.062Z
bc29bb40-35d9-4ff8-85cf-05b1e499c800,"KFC Box, Cibitung",,4.7,0.0,3,Mahal,1,Aktif,Cepat saji,"RS. Cibitung Medika, Jalan Raya B. Bosih, Trias, Wanasari, Kabupaten Bekasi, Jawa Barat, Jawa, 17520, Indonesia",Kabupaten Bekasi,Wanasari,17520,-6.253113,107.086093,https://gofood.link/u/jNyjL,2017-12-28T08:12:56.492Z
6dd1719f-0f78-4494-a472-d0fae53bc3e0,"Pizza Hut Delivery - PHD, Mangun Jaya Tambun",,4.7,0.0,4,Premium,1,Aktif,"Pizza & pasta, Cepat saji, Jajanan, Barat, Ayam & bebek","Jalan Raya Sumberjaya, Mangunjaya, Kabupaten Bekasi, Jawa Barat, Jawa, 17519, Indonesia",Kabupaten Bekasi,Mangunjaya,17519,-6.244796,107.06366,https://gofood.link/u/k5wYl,2017-09-27T10:59:41.399Z
1c6b52cc-6b34-4c3c-8e72-e8680b6b1801,"Lets Go Chicken, Babelan Bekasi",,4.1,0.0,1,Murah,1,Aktif,"Ayam & bebek, Cepat saji","Jalan Raya Babelan, Tera Damai, Babelan Kota, Kabupaten Bekasi, Jawa Barat, Jawa, 17610, Indonesia",Kabupaten Bekasi,Babelan Kota,17610,-6.188882,107.038997,https://gofood.link/u/krnLP,2019-09-10T17:08:20.940Z
a93d1399-1086-4626-92e0-746c22f4cc90,"Mie Ayam & Bakso Amarilis 2, Palem Raya",,4.8,0.0,2,Menengah,1,Aktif,Bakmie,"Trias, Tridayasakti, Kabupaten Bekasi, Jawa Barat, Jawa, 17519, Indonesia",Kabupaten Bekasi,Tridayasakti,17519,-6.2447766,107.0812366,https://gofood.link/u/lGaaK,2017-11-24T04:00:43.131Z
e5534eaf-0220-436e-b04a-e8c8cf8a5596,"Nisa Frozen Food, Perumahan Taman Alamanda",,4.0,0.0,2,Menengah,1,Aktif,"Jajanan, Sweets","Karangsatria, Kabupaten Bekasi, Jawa Barat, Jawa, 17150, Indonesia",Kabupaten Bekasi,,17150,-6.221553,107.04237,https://gofood.link/u/lPyQx,2018-02-21T04:44:36.888Z
75e5b209-3d2a-495f-9144-138862f537e1,"Kedai Bunda Taman Raya Bekasi, Tambun Selatan",,4.6,0.0,2,Menengah,1,Aktif,"Bakmie, Aneka nasi, Ayam & bebek","Jalan Melati XII, Mangunjaya, Kabupaten Bekasi, Jawa Barat, Jawa, 17567, Indonesia",Kabupaten Bekasi,Mangunjaya,17567,-6.235825,107.060681,https://gofood.link/u/lxLaa,2018-11-15T08:14:48.806Z
c771985d-b345-4212-b900-d6f3e4748450,Lava Choco Drink Jatimulya,,0.0,0.0,1,Murah,1,Aktif,Sweets,"Jalan Hm Embo, Perum. Jatimulya Bekasi, Jatimulya, Kabupaten Bekasi, Jawa Barat, Jawa, 17510, Indonesia",Kabupaten Bekasi,Jatimulya,17510,-6.271504,107.025986,https://gofood.link/u/mv5Vjd,2019-12-18T15:29:01.834Z
2480db6d-cae3-4e6d-822a-ffc3a27f7201,"Warung Sop Iga Sapi Tante Melani, Villa Gading Harapan",,4.6,0.0,2,Menengah,1,Aktif,"Seafood, Aneka nasi, Ayam & bebek","Kabupaten Bekasi, Jawa Barat, Jawa, 17610, Indonesia",Kabupaten Bekasi,,17610,-6.180030916176626,107.03526601195335,https://gofood.link/u/nJdnq,2018-10-19T10:43:41.743Z
e6122fb8-71d1-4e51-8ca1-c9978273e3d7,"Sushi Lokal Id, Pondok Ungu",,4.7,0.0,2,Menengah,1,Aktif,"Jajanan, Jepang, Korea","Jalan Pondok Ungu Permai, Grand Pondok Ungu, Kabupaten Bekasi, Jawa Barat, Jawa, 17125, Indonesia",Kabupaten Bekasi,Grand Pondok Ungu,17125,-6.179988250231299,107.01174706220628,https://gofood.link/u/nvOY5,2017-01-20T14:51:41.406Z
e0fd9092-8ef7-47c0-937b-b3a238274809,"Savyra Bolen, Taman Rahayu Regency 2",,4.5,0.0,2,Menengah,1,Aktif,"Roti, Ayam & bebek, Sweets","Jalan Teratai, Taman Rahayu Regency, Ciketingudik, Kabupaten Bekasi, Jawa Barat, Jawa, 17153, Indonesia",Kabupaten Bekasi,Ciketingudik,17153,-6.362015,106.991609,https://gofood.link/u/pgak3,2018-01-30T05:00:54.277Z
c867f9e2-e8ab-4240-a74b-fd4d9552311d,"HokBen, Grand Wisata Bekasi",,4.8,0.0,3,Mahal,1,Aktif,Jepang,"Sunset Avenue, Grand Wisata Residence, Dukuh Bima, Lambangsari, Kabupaten Bekasi, Jawa Barat, Jawa, 17510, Indonesia",Kabupaten Bekasi,Lambangsari,17510,-6.275512,107.044677,https://gofood.link/u/pjJz83,2019-11-28T15:40:30.609Z
542f4994-7646-4438-923a-b0909198fadd,"Kedai Q-TA, Babelan",,0.0,0.0,2,Menengah,1,Aktif,"Ayam & bebek, Thailand","Babelan Kota, Kabupaten Bekasi, Jawa Barat, Jawa, 17611, Indonesia",Kabupaten Bekasi,,17611,-6.170448,107.043322,https://gofood.link/u/pjdDr,2018-07-23T10:52:33.816Z
a86489fe-bcf2-4dda-baef-753694f81310,"Kaligung Ayam Bakar & Ayam Penyet, Bahagia",,4.6,0.0,2,Menengah,1,Aktif,Aneka nasi,"Grand Pondok Ungu, Kabupaten Bekasi, Jawa Barat, Jawa, 17125, Indonesia",Kabupaten Bekasi,,17125,-6.184041,107.014311,https://gofood.link/u/qDL5b,2018-07-13T07:35:16.634Z
592c1b17-ee9b-4aa2-b1c8-1f990f22e853,"Bakso Echo 2 Dan Mie Ayam, Tambun Selatan",,4.6,0.0,2,Menengah,1,Aktif,Bakso & soto,"Kompas, Mekarsari, Kabupaten Bekasi, Jawa Barat, Jawa, 17510, Indonesia",Kabupaten Bekasi,Mekarsari,17510,-6.255774,107.060521,https://gofood.link/u/qbxy,2018-09-05T07:38:48.445Z
cb4e46dc-61ce-4375-88bb-8bd773cf5193,"Sopel (Sosis Pele) 2, Kampung Kandang",,4.7,0.0,1,Murah,1,Aktif,Jajanan,"Perum. Taman Elok Persada, Mutiara Gading, Mustikajaya, Kabupaten Bekasi, Jawa Barat, Jawa, 17158, Indonesia",Kabupaten Bekasi,Mustikajaya,17158,-6.2861569,107.0380688,https://gofood.link/u/qeL7b,2018-03-12T04:19:17.027Z
ab24ee47-456a-4443-8a3a-fa74824b055c,"Kedai Bakso Mantul, Babelan",,0.0,0.0,2,Menengah,1,Aktif,Bakso & soto,"Jalan Permai, Kabupaten Bekasi, Jawa Barat, Jawa, 17150, Indonesia",Kabupaten Bekasi,,17150,-6.19364,107.03598,https://gofood.link/u/qv2ma,2019-01-15T11:02:12.049Z
33675500-ea86-4d88-97aa-b12ca2ee1654,"Burger King, Tambun",,4.7,0.0,2,Menengah,1,Aktif,"Cepat saji, Aneka nasi, Jajanan, Ayam & bebek","Jalan Hasanuddin, Kompas, Tambun, Kabupaten Bekasi, Jawa Barat, Jawa, 17520, Indonesia",Kabupaten Bekasi,Tambun,17520,-6.266094236785494,107.07497159713635,https://gofood.link/u/r2lzNx,2019-12-19T10:00:41.328Z
d6e3fe73-4f3b-41b1-bab2-000917b2e57e,"Soto Kudus Barokah Kang Atho, Tambun Selatan",,4.6,0.0,1,Murah,1,Aktif,Bakso & soto,"Kompas, Mekarsari, Kabupaten Bekasi, Jawa Barat, Jawa, 17519, Indonesia",Kabupaten Bekasi,Mekarsari,17519,-6.2491156,107.0726379,https://gofood.link/u/rMwYj,2018-08-23T02:56:39.393Z
46bddbec-5470-4ffe-b583-6b1181563a85,"Mamagaio Resto Ramen and Steak, Grand Wisata",,4.7,0.0,3,Mahal,1,Aktif,Jepang,"Celebration Boulevard, Grand Wisata Residence, Dukuh Bima, Lambangsari, Kabupaten Bekasi, Jawa Barat, Jawa, 17510, Indonesia",Kabupaten Bekasi,Lambangsari,17510,-6.281808348128251,107.04688999336211,https://gofood.link/u/rmlx,2016-11-10T10:43:10.746Z
b9d19ed0-3254-46cf-9b4a-12f58a76e6c6,"Princess Kebab, Grand Wisata Festive Garden",Princess Kebab adalah kebab dengan kualitas terbaik memakai bahan berkualitas serta dengan harga yang sangat terjangkau.,4.8,0.0,2,Menengah,1,Aktif,"Jajanan, Minuman, Timur Tengah","Serenade Avenue, Grand Wisata Residence, Dukuh Bima, Lambangsari, Kabupaten Bekasi, Jawa Barat, Jawa, 17510, Indonesia",Kabupaten Bekasi,Lambangsari,17510,-6.279931,107.043918,https://gofood.link/u/vdANj,2017-07-26T08:43:34.910Z
5ef00ad7-a58c-4581-842a-17771795bc21,"Sate Solo Pak Bejo, Setu",,4.4,0.0,2,Menengah,1,Aktif,"Bakso & soto, Ayam & bebek, Sate","Jalan MT Haryono, Kabupaten Bekasi, Cileungsi, Bogor, Jawa Barat, Jawa, 17320, Indonesia",Kabupaten Bekasi,,17320,-6.333156,107.0468976,https://gofood.link/u/wrzkx,2018-02-13T07:38:05.649Z
45234e37-9585-45c4-a254-ca0b6518eb6b,"Been Sae Cake & Cookies, Baru Kompas",,4.2,0.0,3,Mahal,1,Aktif,Roti,"Jalan K. Haji Masud, Kompas, Tambun, Kabupaten Bekasi, Jawa Barat, Jawa, 17520, Indonesia",Kabupaten Bekasi,Tambun,17520,-6.262266,107.06806,https://gofood.link/u/x5xL,2018-02-12T06:48:02.438Z
b75d1046-ee48-482a-81dc-3e2c487e98dd,"Teguk, Pondok Ungu ",,4.7,0.0,2,Menengah,1,Aktif,"Kopi, Minuman, Roti, Sweets, Jajanan","Jalan Pondok Ungu Permai, Grand Pondok Ungu, Kabupaten Bekasi, Jawa Barat, Jawa, 17125, Indonesia",Kabupaten Bekasi,Grand Pondok Ungu,17125,-6.184639,107.0085,https://gofood.link/u/xDZj0,2019-10-22T16:18:35.247Z
f9c1e548-a86c-4ea4-a260-5ffa580477af,"Warung Adipati, Tambun Selatan",,4.2,0.0,2,Menengah,1,Aktif,"Jajanan, Aneka nasi, Bakmie","Perum. Jatimulya Bekasi, Jatimulya, Kabupaten Bekasi, Jawa Barat, Jawa, 17510, Indonesia",Kabupaten Bekasi,Jatimulya,17510,-6.2688815,107.0259529,https://gofood.link/u/xYaaL,2018-09-18T09:58:48.179Z
b6272e06-2c8c-45f6-9818-e86ba9b19867,"Dimsum 467, Ktw Taman Flora F12 No 16",,4.7,0.0,2,Menengah,1,Aktif,"Jajanan, Cepat saji","Grand Pondok Ungu, Kabupaten Bekasi, Jawa Barat, Jawa, 17125, Indonesia",Kabupaten Bekasi,,17125,-6.185106805802901,107.01672893017528,https://gofood.link/u/xYmwL,2018-11-14T08:03:20.023Z
599a69c0-908d-4b8a-b623-cf1db489965a,Rumah Makan Ayam Bakar Kartika,"Ayam Bakar yg beda cara bakarnya dari ayam bakar lainnya. 
Harga termasuk PPN 10%",4.7,0.0,1,Murah,1,Aktif,Ayam & bebek,"Trias, Tridayasakti, Kabupaten Bekasi, Jawa Barat, Jawa, 17520, Indonesia",Kabupaten Bekasi,Tridayasakti,17520,-6.255398,107.086872,https://gofood.link/u/y2x2,2017-07-16T05:53:13.573Z
5419bf14-a722-494c-9517-50c493f51344,"RM Sinar Padang, Cibitung",,4.1,0.0,1,Murah,1,Aktif,Aneka nasi,"Gang Berkah, Kompas, Tambun, Kabupaten Bekasi, Jawa Barat, Jawa, 17520, Indonesia",Kabupaten Bekasi,Tambun,17520,-6.266389,107.075361,https://gofood.link/u/ypAGO,2018-11-08T04:28:47.939Z
